Filename,Frame,Time (HMS),Seconds,Period,Period time (HMS),Image row,Image col,OpCode,TapeReader,Depth,Comment,Year,Dive,Transect Number,Dive Type,,,,,Family,Genus,Species,Code,Number,Stage,Activity,Check ID,Comment,Event Time HH:MM:SS
SL_2019_EYKT_Dive_01_07-36-31.000.avi,265,7:36:41,27401,,,570,837,QC,EricaEbert,45,N/A,2019,1,5,Line,,,,,Good,Good Going Forward,GGF,GGF,1,AD,Passing,,START,
SL_2019_EYKT_Dive_01_07-36-31.000.avi,83182,8:22:45,30165,,,570,835,QC,EricaEbert,45,N/A,2019,1,5,Line,,,,,Good,Good Going Forward,GGF,GGF,1,AD,Passing,,END,
SL_2019_EYKT_Dive_02_08-45-18.000.avi,178,8:45:30,31530,,,574,847,QC,EricaEbert,50,N/A,2019,2,6,Line,,,,,Good,Good Going Forward,GGF,GGF,1,AD,Passing,,START,
SL_2019_EYKT_Dive_02_08-45-18.000.avi,27660,9:00:46,32446,,,569,846,QC,EricaEbert,50,N/A,2019,2,6,Line,,,,,Bad,going over drop-off,BDO,BDO,1,AD,Passing,,,
SL_2019_EYKT_Dive_02_08-45-18.000.avi,27940,9:00:55,32455,,,523,803,QC,EricaEbert,50,N/A,2019,2,6,Line,,,,,Good,Good Going Forward,GGF,GGF,1,AD,Passing,,,
SL_2019_EYKT_Dive_02_08-45-18.000.avi,79400,9:29:31,34171,,,582,854,QC,EricaEbert,50,N/A,2019,2,6,Line,,,,,Good,Good Going Forward,GGF,GGF,1,AD,Passing,,END,
SL_2019_EYKT_Dive_03_10-05-43.000.avi,247,10:05:53,36353,,,579,850,QC,EricaEbert,65,N/A,2019,3,7,Line,,,,,Good,Good Going Forward,GGF,GGF,1,AD,Passing,,START,
SL_2019_EYKT_Dive_03_10-05-43.000.avi,29415,10:22:05,37325,,,586,858,QC,EricaEbert,65,N/A,2019,3,7,Line,,,,,Bad,loitering in same area,BLA,BLA,1,AD,Passing,,,
SL_2019_EYKT_Dive_03_10-05-43.000.avi,29611,10:22:12,37332,,,548,820,QC,EricaEbert,65,N/A,2019,3,7,Line,,,,,Good,Good Going Forward,GGF,GGF,1,AD,Passing,,,
SL_2019_EYKT_Dive_03_10-05-43.000.avi,77494,10:48:48,38928,,,573,770,QC,EricaEbert,65,N/A,2019,3,7,Line,,,,,Good,Good Going Forward,GGF,GGF,1,AD,Passing,,END,
SL_2019_EYKT_Dive_04_11-21-19.000.avi,134,11:21:29,40889,,,563,834,QC,EricaEbert,45,N/A,2019,4,8,Line,,,,,Good,Good Going Forward,GGF,GGF,1,AD,Passing,,START,
SL_2019_EYKT_Dive_04_11-21-19.000.avi,47034,11:47:33,42453,,,579,850,QC,EricaEbert,45,N/A,2019,4,8,Line,,,,,Bad,loitering in same area,BLA,BLA,1,AD,Passing,,,
SL_2019_EYKT_Dive_04_11-21-19.000.avi,47306,11:47:42,42462,,,582,855,QC,EricaEbert,45,N/A,2019,4,8,Line,,,,,Good,Good Going Forward,GGF,GGF,1,AD,Passing,,,
SL_2019_EYKT_Dive_04_11-21-19.000.avi,72459,12:01:40,43300,,,586,851,QC,EricaEbert,45,N/A,2019,4,8,Line,,,,,Good,Good Going Forward,GGF,GGF,1,AD,Passing,,END,
SL_2019_EYKT_Dive_05_12-55-58.000.avi,182,12:56:16,46576,,,571,841,QC,EricaEbert,80,N/A,2019,5,9,Line,,,,,Good,Good Going Forward,GGF,GGF,1,AD,Passing,,START,
SL_2019_EYKT_Dive_05_12-55-58.000.avi,5723,12:59:21,46761,,,586,851,QC,EricaEbert,80,N/A,2019,5,9,Line,,,,,Bad,poor visibility,BPV,BPV,1,AD,Passing,,,
SL_2019_EYKT_Dive_05_12-55-58.000.avi,6955,13:00:02,46802,,,596,854,QC,EricaEbert,80,N/A,2019,5,9,Line,,,,,Good,Good Going Forward,GGF,GGF,1,AD,Passing,,,
SL_2019_EYKT_Dive_05_12-55-58.000.avi,8478,13:00:53,46853,,,588,848,QC,EricaEbert,80,N/A,2019,5,9,Line,,,,,Bad,loitering in same area,BLA,BLA,1,AD,Passing,,,
SL_2019_EYKT_Dive_05_12-55-58.000.avi,8689,13:01:00,46860,,,588,859,QC,EricaEbert,80,N/A,2019,5,9,Line,,,,,Good,Good Going Forward,GGF,GGF,1,AD,Passing,,,
SL_2019_EYKT_Dive_05_12-55-58.000.avi,57956,13:28:22,48502,,,582,838,QC,EricaEbert,80,N/A,2019,5,9,Line,,,,,Bad,poor visibility,BPV,BPV,1,AD,Passing,,,
SL_2019_EYKT_Dive_05_12-55-58.000.avi,58455,13:28:38,48518,,,578,846,QC,EricaEbert,80,N/A,2019,5,9,Line,,,,,Good,Good Going Forward,GGF,GGF,1,AD,Passing,,,
SL_2019_EYKT_Dive_05_12-55-58.000.avi,62364,13:30:49,48649,,,576,834,QC,EricaEbert,80,N/A,2019,5,9,Line,,,,,Bad,poor visibility,BPV,BPV,1,AD,Passing,,,
SL_2019_EYKT_Dive_05_12-55-58.000.avi,62579,13:30:56,48656,,,561,839,QC,EricaEbert,80,N/A,2019,5,9,Line,,,,,Good,Good Going Forward,GGF,GGF,1,AD,Passing,,,
SL_2019_EYKT_Dive_05_12-55-58.000.avi,67705,13:33:47,48827,,,582,850,QC,EricaEbert,80,N/A,2019,5,9,Line,,,,,Good,Good Going Forward,GGF,GGF,1,AD,Passing,,END,
SL_2019_EYKT_Dive_06_14-03-14.000.avi,170,14:03:22,50602,,,584,850,QC,EricaEbert,60,N/A,2019,6,10,Line,,,,,Good,Good Going Forward,GGF,GGF,1,AD,Passing,,START,
SL_2019_EYKT_Dive_06_14-03-14.000.avi,70341,14:42:21,52941,,,586,846,QC,EricaEbert,60,N/A,2019,6,10,Line,,,,,Good,Good Going Forward,GGF,GGF,1,AD,Passing,,END,
SL_2019_EYKT_Dive_07_15-41-45.000.avi,131,15:41:50,56510,,,592,859,QC,EricaEbert,98,N/A,2019,7,6,Line,,,,,Good,Good Going Forward,GGF,GGF,1,AD,Passing,,START,
SL_2019_EYKT_Dive_07_15-41-45.000.avi,69494,16:20:22,58822,,,580,847,QC,EricaEbert,98,N/A,2019,7,6,Line,,,,,Good,Good Going Forward,GGF,GGF,1,AD,Passing,,END,
SL_2019_EYKT_Dive_08_16-52-49.000.avi,1396,16:53:40,60820,,,571,839,QC,EricaEbert,90,N/A,2019,8,12,Line,,,,,Good,Good Going Forward,GGF,GGF,1,AD,Passing,,START,
SL_2019_EYKT_Dive_08_16-52-49.000.avi,69416,17:31:27,63087,,,575,839,QC,EricaEbert,90,N/A,2019,8,12,Line,,,,,Good,Good Going Forward,GGF,GGF,1,AD,Passing,,END,
SL_2019_EYKT_Dive_09_18-08-56.000.avi,349,18:09:13,65353,,,579,847,QC,EricaEbert,110,N/A,2019,9,13,Line,,,,,Good,Good Going Forward,GGF,GGF,1,AD,Passing,,START,
SL_2019_EYKT_Dive_09_18-08-56.000.avi,43317,18:33:05,66785,,,575,844,QC,EricaEbert,110,N/A,2019,9,13,Line,,,,,Bad,loitering in same area,BLA,BLA,1,AD,Passing,,,
SL_2019_EYKT_Dive_09_18-08-56.000.avi,44153,18:33:33,66813,,,580,852,QC,EricaEbert,110,N/A,2019,9,13,Line,,,,,Good,Good Going Forward,GGF,GGF,1,AD,Passing,,,
SL_2019_EYKT_Dive_09_18-08-56.000.avi,56837,18:40:36,67236,,,571,834,QC,EricaEbert,110,N/A,2019,9,13,Line,,,,,Bad,going over drop-off,BDO,BDO,1,AD,Passing,,,
SL_2019_EYKT_Dive_09_18-08-56.000.avi,57306,18:40:51,67251,,,571,843,QC,EricaEbert,110,N/A,2019,9,13,Line,,,,,Good,Good Going Forward,GGF,GGF,1,AD,Passing,,,
SL_2019_EYKT_Dive_09_18-08-56.000.avi,67085,18:46:17,67577,,,578,848,QC,EricaEbert,110,N/A,2019,9,13,Line,,,,,Good,Good Going Forward,GGF,GGF,1,AD,Passing,,END,
SL_2019_EYKT_Dive_10_07-12-26.000.avi,481,7:12:50,25970,,,591,856,QC,EricaEbert,125,N/A,2019,10,14,Line,,,,,Good,Good Going Forward,GGF,GGF,1,AD,Passing,,START,
SL_2019_EYKT_Dive_10_07-12-26.000.avi,51410,7:41:08,27668,,,591,851,QC,EricaEbert,125,N/A,2019,10,14,Line,,,,,Good,Good Going Forward,GGF,GGF,1,AD,Passing,,END,
SL_2019_EYKT_Dive_11_08-19-39.000.avi,148,8:19:59,29999,,,582,851,QC,EricaEbert,60,N/A,2019,11,15,Line,,,,,Good,Good Going Forward,GGF,GGF,1,AD,Passing,,START,
SL_2019_EYKT_Dive_11_08-19-39.000.avi,63120,8:54:58,32098,,,588,854,QC,EricaEbert,60,N/A,2019,11,15,Line,,,,,Good,Good Going Forward,GGF,GGF,1,AD,Passing,,END,
SL_2019_EYKT_Dive_12_09-27-40.000.avi,872,9:28:11,34091,,,590,854,QC,EricaEbert,60,N/A,2019,12,16,Line,,,,,Good,Good Going Forward,GGF,GGF,1,AD,Passing,,START,
SL_2019_EYKT_Dive_12_09-27-40.000.avi,16316,9:36:46,34606,,,575,843,QC,EricaEbert,60,N/A,2019,12,16,Line,,,,,Bad,loitering in same area,BLA,BLA,1,AD,Passing,,,
SL_2019_EYKT_Dive_12_09-27-40.000.avi,16594,9:36:55,34615,,,588,855,QC,EricaEbert,60,N/A,2019,12,16,Line,,,,,Good,Good Going Forward,GGF,GGF,1,AD,Passing,,,
SL_2019_EYKT_Dive_12_09-27-40.000.avi,37367,9:48:28,35308,,,515,756,QC,EricaEbert,60,N/A,2019,12,16,Line,,,,,Bad,repositioned,BRP,BRP,1,AD,Passing,,,
SL_2019_EYKT_Dive_12_09-27-40.000.avi,37538,9:48:33,35313,,,567,827,QC,EricaEbert,60,N/A,2019,12,16,Line,,,,,Good,Good Going Forward,GGF,GGF,1,AD,Passing,,,
SL_2019_EYKT_Dive_12_09-27-40.000.avi,37892,9:48:45,35325,,,570,841,QC,EricaEbert,60,N/A,2019,12,16,Line,,,,,Bad,loitering in same area,BLA,BLA,1,AD,Passing,,,
SL_2019_EYKT_Dive_12_09-27-40.000.avi,38183,9:48:55,35335,,,567,839,QC,EricaEbert,60,N/A,2019,12,16,Line,,,,,Good,Good Going Forward,GGF,GGF,1,AD,Passing,,,
SL_2019_EYKT_Dive_12_09-27-40.000.avi,38329,9:49:00,35340,,,576,847,QC,EricaEbert,60,N/A,2019,12,16,Line,,,,,Bad,loitering in same area,BLA,BLA,1,AD,Passing,,,
SL_2019_EYKT_Dive_12_09-27-40.000.avi,38658,9:49:11,35351,,,570,837,QC,EricaEbert,60,N/A,2019,12,16,Line,,,,,Good,Good Going Forward,GGF,GGF,1,AD,Passing,,,
SL_2019_EYKT_Dive_12_09-27-40.000.avi,48310,9:54:32,35672,,,573,839,QC,EricaEbert,60,N/A,2019,12,16,Line,,,,,Bad,poor visibility,BPV,BPV,1,AD,Passing,,,
SL_2019_EYKT_Dive_12_09-27-40.000.avi,49207,9:55:02,35702,,,574,843,QC,EricaEbert,60,N/A,2019,12,16,Line,,,,,Good,Good Going Forward,GGF,GGF,1,AD,Passing,,,
SL_2019_EYKT_Dive_12_09-27-40.000.avi,59489,10:00:45,36045,,,574,843,QC,EricaEbert,60,N/A,2019,12,16,Line,,,,,Bad,loitering in same area,BLA,BLA,1,AD,Passing,,,
SL_2019_EYKT_Dive_12_09-27-40.000.avi,59764,10:00:54,36054,,,587,851,QC,EricaEbert,60,N/A,2019,12,16,Line,,,,,Good,Good Going Forward,GGF,GGF,1,AD,Passing,,,
SL_2019_EYKT_Dive_12_09-27-40.000.avi,71178,10:07:15,36435,,,583,850,QC,EricaEbert,60,N/A,2019,12,16,Line,,,,,Good,Good Going Forward,GGF,GGF,1,AD,Passing,,END,
SL_2019_EYKT_Dive_13_10-39-23.000.avi,536,10:39:44,38384,,,580,841,QC,EricaEbert,60,N/A,2019,13,17,Line,,,,,Good,Good Going Forward,GGF,GGF,1,AD,Passing,,START,
SL_2019_EYKT_Dive_13_10-39-23.000.avi,3639,10:41:27,38487,,,580,838,QC,EricaEbert,60,N/A,2019,13,17,Line,,,,,Bad,loitering in same area,BLA,BLA,1,AD,Passing,,,
SL_2019_EYKT_Dive_13_10-39-23.000.avi,3916,10:41:37,38497,,,576,842,QC,EricaEbert,60,N/A,2019,13,17,Line,,,,,Good,Good Going Forward,GGF,GGF,1,AD,Passing,,,
SL_2019_EYKT_Dive_13_10-39-23.000.avi,7553,10:43:38,38618,,,576,835,QC,EricaEbert,60,N/A,2019,13,17,Line,,,,,Bad,loitering in same area,BLA,BLA,1,AD,Passing,,,
SL_2019_EYKT_Dive_13_10-39-23.000.avi,8027,10:43:54,38634,,,580,846,QC,EricaEbert,60,N/A,2019,13,17,Line,,,,,Good,Good Going Forward,GGF,GGF,1,AD,Passing,,,
SL_2019_EYKT_Dive_13_10-39-23.000.avi,68387,11:17:26,40646,,,583,846,QC,EricaEbert,60,N/A,2019,13,17,Line,,,,,Good,Good Going Forward,GGF,GGF,1,AD,Passing,,END,
SL_2019_EYKT_Dive_14_13-20-25.000.avi,133,13:20:36,48036,,,612,873,QC,EricaEbert,85,N/A,2019,14,1,Line,,,,,Good,Good Going Forward,GGF,GGF,1,AD,Passing,,START,
SL_2019_EYKT_Dive_14_13-20-25.000.avi,23827,13:33:46,48826,,,588,851,QC,EricaEbert,85,N/A,2019,14,1,Line,,,,,Bad,loitering in same area,BLA,BLA,1,AD,Passing,,,
SL_2019_EYKT_Dive_14_13-20-25.000.avi,24418,13:34:06,48846,,,596,860,QC,EricaEbert,85,N/A,2019,14,1,Line,,,,,Good,Good Going Forward,GGF,GGF,1,AD,Passing,,,
SL_2019_EYKT_Dive_14_13-20-25.000.avi,64181,13:56:11,50171,,,584,851,QC,EricaEbert,85,N/A,2019,14,1,Line,,,,,Good,Good Going Forward,GGF,GGF,1,AD,Passing,,END,
SL_2019_EYKT_Dive_15_14-25-35.000.avi,149,14:25:42,51942,,,587,852,QC,EricaEbert,75,N/A,2019,15,4,Line,,,,,Good,Good Going Forward,GGF,GGF,1,AD,Passing,,START,
SL_2019_EYKT_Dive_15_14-25-35.000.avi,49656,14:53:12,53592,,,587,852,QC,EricaEbert,75,N/A,2019,15,4,Line,,,,,Good,Good Going Forward,GGF,GGF,1,AD,Passing,,END,
SL_2019_EYKT_Dive_16_15-38-57.000.avi,103,39:17.4,2357,,,624,886,QC,EricaEbert,85,N/A,2019,16,2,Line,,,,,Good,Good Going Forward,GGF,GGF,1,AD,Passing,,START,
SL_2019_EYKT_Dive_16_15-38-57.000.avi,16842,48:35.4,2915,,,614,875,QC,EricaEbert,85,N/A,2019,16,2,Line,,,,,Bad,loitering in same area,BLA,BLA,1,AD,Passing,,,
SL_2019_EYKT_Dive_16_15-38-57.000.avi,17038,48:41.9,2922,,,601,864,QC,EricaEbert,85,N/A,2019,16,2,Line,,,,,Good,Good Going Forward,GGF,GGF,1,AD,Passing,,,
SL_2019_EYKT_Dive_16_15-38-57.000.avi,29059,55:22.6,3323,,,584,854,QC,EricaEbert,85,N/A,2019,16,2,Line,,,,,Bad,poor visibility,BPV,BPV,1,AD,Passing,,,
SL_2019_EYKT_Dive_16_15-38-57.000.avi,29221,55:28.0,3328,,,599,859,QC,EricaEbert,85,N/A,2019,16,2,Line,,,,,Good,Good Going Forward,GGF,GGF,1,AD,Passing,,,
SL_2019_EYKT_Dive_16_15-38-57.000.avi,45260,04:22.6,263,,,588,855,QC,EricaEbert,85,N/A,2019,16,2,Line,,,,,Bad,loitering in same area,BLA,BLA,1,AD,Passing,,,
SL_2019_EYKT_Dive_16_15-38-57.000.avi,45731,04:38.3,278,,,590,855,QC,EricaEbert,85,N/A,2019,16,2,Line,,,,,Good,Good Going Forward,GGF,GGF,1,AD,Passing,,,
SL_2019_EYKT_Dive_16_15-38-57.000.avi,70887,18:36.9,1117,,,608,873,QC,EricaEbert,85,N/A,2019,16,2,Line,,,,,Good,Good Going Forward,GGF,GGF,1,AD,Passing,,END,
SL_2019_EYKT_Dive_17_16-48-44.000.avi,229,16:49:12,60552,,,590,852,QC,EricaEbert,80,N/A,2019,17,3,Line,,,,,Good,Good Going Forward,GGF,GGF,1,AD,Passing,,START,
SL_2019_EYKT_Dive_17_16-48-44.000.avi,12990,16:56:17,60977,,,580,854,QC,EricaEbert,80,N/A,2019,17,3,Line,,,,,Bad,loitering in same area,BLA,BLA,1,AD,Passing,,,
SL_2019_EYKT_Dive_17_16-48-44.000.avi,13205,16:56:24,60984,,,591,852,QC,EricaEbert,80,N/A,2019,17,3,Line,,,,,Good,Good Going Forward,GGF,GGF,1,AD,Passing,,,
SL_2019_EYKT_Dive_17_16-48-44.000.avi,21591,17:01:04,61264,,,575,848,QC,EricaEbert,80,N/A,2019,17,3,Line,,,,,Bad,loitering in same area,BLA,BLA,1,AD,Passing,,,
SL_2019_EYKT_Dive_17_16-48-44.000.avi,21890,17:01:14,61274,,,597,864,QC,EricaEbert,80,N/A,2019,17,3,Line,,,,,Good,Good Going Forward,GGF,GGF,1,AD,Passing,,,
SL_2019_EYKT_Dive_17_16-48-44.000.avi,22194,17:01:24,61284,,,571,841,QC,EricaEbert,80,N/A,2019,17,3,Line,,,,,Bad,loitering in same area,BLA,BLA,1,AD,Passing,,,
SL_2019_EYKT_Dive_17_16-48-44.000.avi,22551,17:01:36,61296,,,588,852,QC,EricaEbert,80,N/A,2019,17,3,Line,,,,,Good,Good Going Forward,GGF,GGF,1,AD,Passing,,,
SL_2019_EYKT_Dive_17_16-48-44.000.avi,52016,17:17:58,62278,,,590,855,QC,EricaEbert,80,N/A,2019,17,3,Line,,,,,Good,Good Going Forward,GGF,GGF,1,AD,Passing,,END,
SL_2019_EYKT_Dive_18_07-02-08.000.avi,223,7:02:18,25338,,,592,848,QC,EricaEbert,60,N/A,2019,18,18,Line,,,,,Good,Good Going Forward,GGF,GGF,1,AD,Passing,,START,
SL_2019_EYKT_Dive_18_07-02-08.000.avi,24879,7:16:00,26160,,,576,826,QC,EricaEbert,60,N/A,2019,18,18,Line,,,,,Bad,poor visibility,BPV,BPV,1,AD,Passing,,,
SL_2019_EYKT_Dive_18_07-02-08.000.avi,25205,7:16:11,26171,,,584,846,QC,EricaEbert,60,N/A,2019,18,18,Line,,,,,Good,Good Going Forward,GGF,GGF,1,AD,Passing,,,
SL_2019_EYKT_Dive_18_07-02-08.000.avi,54783,7:32:37,27157,,,576,835,QC,EricaEbert,60,N/A,2019,18,18,Line,,,,,Bad,loitering in same area,BLA,BLA,1,AD,Passing,,,
SL_2019_EYKT_Dive_18_07-02-08.000.avi,55170,7:32:50,27170,,,590,848,QC,EricaEbert,60,N/A,2019,18,18,Line,,,,,Good,Good Going Forward,GGF,GGF,1,AD,Passing,,,
SL_2019_EYKT_Dive_18_07-02-08.000.avi,62939,7:37:09,27429,,,591,855,QC,EricaEbert,60,N/A,2019,18,18,Line,,,,,Good,Good Going Forward,GGF,GGF,1,AD,Passing,,END,
SL_2019_EYKT_Dive_19_08-20-26.000.avi,1441,8:21:15,30075,,,586,848,QC,EricaEbert,80,N/A,2019,19,21,Line,,,,,Good,Good Going Forward,GGF,GGF,1,AD,Passing,,START,
SL_2019_EYKT_Dive_19_08-20-26.000.avi,52104,8:49:24,31764,,,588,844,QC,EricaEbert,80,N/A,2019,19,21,Line,,,,,Bad,resting on bottom,BRB,BRB,1,AD,Passing,,,
SL_2019_EYKT_Dive_19_08-20-26.000.avi,52740,8:49:45,31785,,,617,869,QC,EricaEbert,80,N/A,2019,19,21,Line,,,,,Good,Good Going Forward,GGF,GGF,1,AD,Passing,,,
SL_2019_EYKT_Dive_19_08-20-26.000.avi,74188,9:01:40,32500,,,582,843,QC,EricaEbert,80,N/A,2019,19,21,Line,,,,,Good,Good Going Forward,GGF,GGF,1,AD,Passing,,END,
SL_2019_EYKT_Dive_20_09-30-58.000.avi,150,9:31:04,34264,,,603,852,QC,EricaEbert,80,N/A,2019,20,22,Line,,,,,Good,Good Going Forward,GGF,GGF,1,AD,Passing,,START,
SL_2019_EYKT_Dive_20_09-30-58.000.avi,21144,9:42:44,34964,,,603,856,QC,EricaEbert,80,N/A,2019,20,22,Line,,,,,Bad,going over drop-off,BDO,BDO,1,AD,Passing,,,
SL_2019_EYKT_Dive_20_09-30-58.000.avi,21674,9:43:01,34981,,,591,839,QC,EricaEbert,80,N/A,2019,20,22,Line,,,,,Good,Good Going Forward,GGF,GGF,1,AD,Passing,,,
SL_2019_EYKT_Dive_20_09-30-58.000.avi,61890,10:05:22,36322,,,595,848,QC,EricaEbert,80,N/A,2019,20,22,Line,,,,,Good,resting on bottom with close-up image,GRBC,GRBC,1,AD,Passing,,,
SL_2019_EYKT_Dive_20_09-30-58.000.avi,62248,10:05:34,36334,,,593,843,QC,EricaEbert,80,N/A,2019,20,22,Line,,,,,Good,Good Going Forward,GGF,GGF,1,AD,Passing,,,
SL_2019_EYKT_Dive_20_09-30-58.000.avi,64823,10:07:00,36420,,,593,846,QC,EricaEbert,80,N/A,2019,20,22,Line,,,,,Good,Good Going Forward,GGF,GGF,1,AD,Passing,,END,
SL_2019_EYKT_Dive_21_10-52-22.000.avi,205,10:52:47,39167,,,613,869,QC,EricaEbert,105,N/A,2019,21,25,Line,,,,,Good,Good Going Forward,GGF,GGF,1,AD,Passing,,START,
SL_2019_EYKT_Dive_21_10-52-22.000.avi,46947,11:18:45,40725,,,608,856,QC,EricaEbert,105,N/A,2019,21,25,Line,,,,,Bad,loitering in same area,BLA,BLA,1,AD,Passing,,,
SL_2019_EYKT_Dive_21_10-52-22.000.avi,47669,11:19:09,40749,,,607,865,QC,EricaEbert,105,N/A,2019,21,25,Line,,,,,Good,Good Going Forward,GGF,GGF,1,AD,Passing,,,
SL_2019_EYKT_Dive_21_10-52-22.000.avi,55533,11:23:31,41011,,,601,858,QC,EricaEbert,105,N/A,2019,21,25,Line,,,,,Good,Good Going Forward,GGF,GGF,1,AD,Passing,,END,
SL_2019_EYKT_Dive_22_12-01-20.000.avi,104,12:01:27,43287,,,637,893,QC,EricaEbert,115,N/A,2019,22,26,Line,,,,,Good,Good Going Forward,GGF,GGF,1,AD,Passing,,START,
SL_2019_EYKT_Dive_22_12-01-20.000.avi,21112,12:13:08,43988,,,604,860,QC,EricaEbert,115,N/A,2019,22,26,Line,,,,,Bad,loitering in same area,BLA,BLA,1,AD,Passing,,,
SL_2019_EYKT_Dive_22_12-01-20.000.avi,21354,12:13:16,43996,,,596,848,QC,EricaEbert,115,N/A,2019,22,26,Line,,,,,Good,Good Going Forward,GGF,GGF,1,AD,Passing,,,
SL_2019_EYKT_Dive_22_12-01-20.000.avi,34916,12:20:48,44448,,,590,839,QC,EricaEbert,115,N/A,2019,22,26,Line,,,,,Bad,poor visibility,BPV,BPV,1,AD,Passing,,,
SL_2019_EYKT_Dive_22_12-01-20.000.avi,35830,12:21:18,44478,,,588,846,QC,EricaEbert,115,N/A,2019,22,26,Line,,,,,Good,Good Going Forward,GGF,GGF,1,AD,Passing,,,
SL_2019_EYKT_Dive_22_12-01-20.000.avi,37696,12:22:21,44541,,,604,861,QC,EricaEbert,115,N/A,2019,22,26,Line,,,,,Bad,poor visibility,BPV,BPV,1,AD,Passing,,,
SL_2019_EYKT_Dive_22_12-01-20.000.avi,37870,12:22:26,44546,,,592,848,QC,EricaEbert,115,N/A,2019,22,26,Line,,,,,Good,Good Going Forward,GGF,GGF,1,AD,Passing,,,
SL_2019_EYKT_Dive_22_12-01-20.000.avi,47017,12:27:31,44851,,,601,852,QC,EricaEbert,115,N/A,2019,22,26,Line,,,,,Bad,poor visibility,BPV,BPV,1,AD,Passing,,,
SL_2019_EYKT_Dive_22_12-01-20.000.avi,47326,12:27:41,44861,,,587,838,QC,EricaEbert,115,N/A,2019,22,26,Line,,,,,Good,Good Going Forward,GGF,GGF,1,AD,Passing,,,
SL_2019_EYKT_Dive_22_12-01-20.000.avi,55833,12:32:25,45145,,,580,848,QC,EricaEbert,115,N/A,2019,22,26,Line,,,,,Bad,poor visibility,BPV,BPV,1,AD,Passing,,,
SL_2019_EYKT_Dive_22_12-01-20.000.avi,56136,12:32:35,45155,,,583,846,QC,EricaEbert,115,N/A,2019,22,26,Line,,,,,Good,Good Going Forward,GGF,GGF,1,AD,Passing,,,
SL_2019_EYKT_Dive_22_12-01-20.000.avi,57343,12:33:15,45195,,,567,812,QC,EricaEbert,115,N/A,2019,22,26,Line,,,,,Bad,going over drop-off,BDO,BDO,1,AD,Passing,,,
SL_2019_EYKT_Dive_22_12-01-20.000.avi,57922,12:33:35,45215,,,574,829,QC,EricaEbert,115,N/A,2019,22,26,Line,,,,,Good,Good Going Forward,GGF,GGF,1,AD,Passing,,,
SL_2019_EYKT_Dive_22_12-01-20.000.avi,61151,12:35:22,45322,,,614,856,QC,EricaEbert,115,N/A,2019,22,26,Line,,,,,Good,Good Going Forward,GGF,GGF,1,AD,Passing,,END,
SL_2019_EYKT_Dive_23_13-18-22.000.avi,193,13:18:31,47911,,,586,846,QC,EricaEbert,100,N/A,2019,23,27,Line,,,,,Good,Good Going Forward,GGF,GGF,1,AD,Passing,,START,
SL_2019_EYKT_Dive_23_13-18-22.000.avi,2106,13:19:35,47975,,,567,827,QC,EricaEbert,100,N/A,2019,23,27,Line,,,,,Bad,poor visibility,BPV,BPV,1,AD,Passing,,,
SL_2019_EYKT_Dive_23_13-18-22.000.avi,2954,13:20:03,48003,,,584,842,QC,EricaEbert,100,N/A,2019,23,27,Line,,,,,Good,Good Going Forward,GGF,GGF,1,AD,Passing,,,
SL_2019_EYKT_Dive_23_13-18-22.000.avi,10804,13:24:25,48265,,,597,843,QC,EricaEbert,100,N/A,2019,23,27,Line,,,,,Bad,poor visibility,BPV,BPV,1,AD,Passing,,,
SL_2019_EYKT_Dive_23_13-18-22.000.avi,11222,13:24:39,48279,,,599,851,QC,EricaEbert,100,N/A,2019,23,27,Line,,,,,Good,Good Going Forward,GGF,GGF,1,AD,Passing,,,
SL_2019_EYKT_Dive_23_13-18-22.000.avi,18133,13:28:29,48509,,,557,826,QC,EricaEbert,100,N/A,2019,23,27,Line,,,,,Bad,going over drop-off,BDO,BDO,1,AD,Passing,,,
SL_2019_EYKT_Dive_23_13-18-22.000.avi,18923,13:28:56,48536,,,570,833,QC,EricaEbert,100,N/A,2019,23,27,Line,,,,,Good,Good Going Forward,GGF,GGF,1,AD,Passing,,,
SL_2019_EYKT_Dive_23_13-18-22.000.avi,22484,13:30:54,48654,,,592,839,QC,EricaEbert,100,N/A,2019,23,27,Line,,,,,Bad,poor visibility,BPV,BPV,1,AD,Passing,,,
SL_2019_EYKT_Dive_23_13-18-22.000.avi,22854,13:31:07,48667,,,595,846,QC,EricaEbert,100,N/A,2019,23,27,Line,,,,,Good,Good Going Forward,GGF,GGF,1,AD,Passing,,,
SL_2019_EYKT_Dive_23_13-18-22.000.avi,26224,13:32:59,48779,,,583,855,QC,EricaEbert,100,N/A,2019,23,27,Line,,,,,Bad,going over drop-off,BDO,BDO,1,AD,Passing,,,
SL_2019_EYKT_Dive_23_13-18-22.000.avi,26857,13:33:20,48800,,,608,858,QC,EricaEbert,100,N/A,2019,23,27,Line,,,,,Good,Good Going Forward,GGF,GGF,1,AD,Passing,,,
SL_2019_EYKT_Dive_23_13-18-22.000.avi,31035,13:35:39,48939,,,600,852,QC,EricaEbert,100,N/A,2019,23,27,Line,,,,,Bad,loitering in same area,BLA,BLA,1,AD,Passing,,,
SL_2019_EYKT_Dive_23_13-18-22.000.avi,32757,13:36:37,48997,,,600,858,QC,EricaEbert,100,N/A,2019,23,27,Line,,,,,Good,Good Going Forward,GGF,GGF,1,AD,Passing,,,
SL_2019_EYKT_Dive_23_13-18-22.000.avi,34389,13:37:31,49051,,,584,838,QC,EricaEbert,100,N/A,2019,23,27,Line,,,,,Bad,poor visibility,BPV,BPV,1,AD,Passing,,,
SL_2019_EYKT_Dive_23_13-18-22.000.avi,35119,13:37:56,49076,,,605,848,QC,EricaEbert,100,N/A,2019,23,27,Line,,,,,Good,Good Going Forward,GGF,GGF,1,AD,Passing,,,
SL_2019_EYKT_Dive_23_13-18-22.000.avi,40293,13:40:48,49248,,,600,848,QC,EricaEbert,100,N/A,2019,23,27,Line,,,,,Bad,poor visibility,BPV,BPV,1,AD,Passing,,,
SL_2019_EYKT_Dive_23_13-18-22.000.avi,40863,13:41:07,49267,,,586,847,QC,EricaEbert,100,N/A,2019,23,27,Line,,,,,Good,Good Going Forward,GGF,GGF,1,AD,Passing,,,
SL_2019_EYKT_Dive_23_13-18-22.000.avi,53032,13:47:53,49673,,,586,860,QC,EricaEbert,100,N/A,2019,23,27,Line,,,,,Bad,poor visibility,BPV,BPV,1,AD,Passing,,,
SL_2019_EYKT_Dive_23_13-18-22.000.avi,53525,13:48:09,49689,,,596,854,QC,EricaEbert,100,N/A,2019,23,27,Line,,,,,Good,Good Going Forward,GGF,GGF,1,AD,Passing,,,
SL_2019_EYKT_Dive_23_13-18-22.000.avi,55917,13:49:29,49769,,,596,850,QC,EricaEbert,100,N/A,2019,23,27,Line,,,,,Bad,going over drop-off,BDO,BDO,1,AD,Passing,,,
SL_2019_EYKT_Dive_23_13-18-22.000.avi,56263,13:49:40,49780,,,597,847,QC,EricaEbert,100,N/A,2019,23,27,Line,,,,,Good,Good Going Forward,GGF,GGF,1,AD,Passing,,,
SL_2019_EYKT_Dive_23_13-18-22.000.avi,63790,13:53:51,50031,,,592,848,QC,EricaEbert,100,N/A,2019,23,27,Line,,,,,Bad,going over drop-off,BDO,BDO,1,AD,Passing,,,
SL_2019_EYKT_Dive_23_13-18-22.000.avi,64219,13:54:06,50046,,,603,861,QC,EricaEbert,100,N/A,2019,23,27,Line,,,,,Good,Good Going Forward,GGF,GGF,1,AD,Passing,,,
SL_2019_EYKT_Dive_23_13-18-22.000.avi,65263,13:54:40,50080,,,593,847,QC,EricaEbert,100,N/A,2019,23,27,Line,,,,,Bad,going over drop-off,BDO,BDO,1,AD,Passing,,,
SL_2019_EYKT_Dive_23_13-18-22.000.avi,65542,13:54:50,50090,,,621,868,QC,EricaEbert,100,N/A,2019,23,27,Line,,,,,Good,Good Going Forward,GGF,GGF,1,AD,Passing,,,
SL_2019_EYKT_Dive_23_13-18-22.000.avi,82941,14:04:30,50670,,,592,852,QC,EricaEbert,100,N/A,2019,23,27,Line,,,,,Bad,poor visibility,BPV,BPV,1,AD,Passing,,,
SL_2019_EYKT_Dive_23_13-18-22.000.avi,83215,14:04:39,50679,,,591,837,QC,EricaEbert,100,N/A,2019,23,27,Line,,,,,Good,Good Going Forward,GGF,GGF,1,AD,Passing,,,
SL_2019_EYKT_Dive_23_13-18-22.000.avi,95292,14:11:21,51081,,,587,851,QC,EricaEbert,100,N/A,2019,23,27,Line,,,,,Good,Good Going Forward,GGF,GGF,1,AD,Passing,,END,
SL_2019_EYKT_Dive_24_15-43-23.000.avi,823,15:44:04,56644,,,608,859,QC,EricaEbert,135,N/A,2019,24,28,Line,,,,,Good,Good Going Forward,GGF,GGF,1,AD,Passing,,START,
SL_2019_EYKT_Dive_24_15-43-23.000.avi,43214,16:07:37,58057,,,627,884,QC,EricaEbert,135,N/A,2019,24,28,Line,,,,,Bad,loitering in same area,BLA,BLA,1,AD,Passing,,,
SL_2019_EYKT_Dive_24_15-43-23.000.avi,43412,16:07:44,58064,,,620,865,QC,EricaEbert,135,N/A,2019,24,28,Line,,,,,Good,Good Going Forward,GGF,GGF,1,AD,Passing,,,
SL_2019_EYKT_Dive_24_15-43-23.000.avi,43741,16:07:55,58075,,,610,855,QC,EricaEbert,135,N/A,2019,24,28,Line,,,,,Bad,poor visibility,BPV,BPV,1,AD,Passing,,,
SL_2019_EYKT_Dive_24_15-43-23.000.avi,43920,16:08:01,58081,,,621,875,QC,EricaEbert,135,N/A,2019,24,28,Line,,,,,Good,Good Going Forward,GGF,GGF,1,AD,Passing,,,
SL_2019_EYKT_Dive_24_15-43-23.000.avi,89731,16:33:28,59608,,,609,861,QC,EricaEbert,135,N/A,2019,24,28,Line,,,,,Bad,loitering in same area,BLA,BLA,1,AD,Passing,,,
SL_2019_EYKT_Dive_24_15-43-23.000.avi,90259,16:33:46,59626,,,612,869,QC,EricaEbert,135,N/A,2019,24,28,Line,,,,,Good,Good Going Forward,GGF,GGF,1,AD,Passing,,,
SL_2019_EYKT_Dive_24_15-43-23.000.avi,92204,16:34:50,59690,,,608,859,QC,EricaEbert,135,N/A,2019,24,28,Line,,,,,Good,Good Going Forward,GGF,GGF,1,AD,Passing,,END,
SL_2019_EYKT_Dive_25_09-39-10.000.avi,146,9:39:20,34760,,,587,848,QC,EricaEbert,105,N/A,2019,25,37,Line,,,,,Good,Good Going Forward,GGF,GGF,1,AD,Passing,,START,
SL_2019_EYKT_Dive_25_09-39-10.000.avi,627,9:39:36,34776,,,582,843,QC,EricaEbert,105,N/A,2019,25,37,Line,,,,,Bad,loitering in same area,BLA,BLA,1,AD,Passing,,,
SL_2019_EYKT_Dive_25_09-39-10.000.avi,1809,9:40:15,34815,,,588,843,QC,EricaEbert,105,N/A,2019,25,37,Line,,,,,Good,Good Going Forward,GGF,GGF,1,AD,Passing,,,
SL_2019_EYKT_Dive_25_09-39-10.000.avi,35531,9:58:59,35939,,,582,846,QC,EricaEbert,105,N/A,2019,25,37,Line,,,,,Bad,loitering in same area,BLA,BLA,1,AD,Passing,,,
SL_2019_EYKT_Dive_25_09-39-10.000.avi,36683,9:59:38,35978,,,600,856,QC,EricaEbert,105,N/A,2019,25,37,Line,,,,,Good,Good Going Forward,GGF,GGF,1,AD,Passing,,,
SL_2019_EYKT_Dive_25_09-39-10.000.avi,46398,10:05:02,36302,,,580,844,QC,EricaEbert,105,N/A,2019,25,37,Line,,,,,Bad,loitering in same area,BLA,BLA,1,AD,Passing,,,
SL_2019_EYKT_Dive_25_09-39-10.000.avi,47683,10:05:44,36344,,,600,858,QC,EricaEbert,105,N/A,2019,25,37,Line,,,,,Good,Good Going Forward,GGF,GGF,1,AD,Passing,,,
SL_2019_EYKT_Dive_25_09-39-10.000.avi,49932,10:06:59,36419,,,580,850,QC,EricaEbert,105,N/A,2019,25,37,Line,,,,,Bad,going over drop-off,BDO,BDO,1,AD,Passing,,,
SL_2019_EYKT_Dive_25_09-39-10.000.avi,51001,10:07:35,36455,,,590,856,QC,EricaEbert,105,N/A,2019,25,37,Line,,,,,Good,Good Going Forward,GGF,GGF,1,AD,Passing,,,
SL_2019_EYKT_Dive_25_09-39-10.000.avi,55174,10:09:54,36594,,,580,842,QC,EricaEbert,105,N/A,2019,25,37,Line,,,,,Bad,poor visibility,BPV,BPV,1,AD,Passing,,,
SL_2019_EYKT_Dive_25_09-39-10.000.avi,55673,10:10:11,36611,,,575,839,QC,EricaEbert,105,N/A,2019,25,37,Line,,,,,Good,Good Going Forward,GGF,GGF,1,AD,Passing,,,
SL_2019_EYKT_Dive_25_09-39-10.000.avi,58290,10:11:38,36698,,,563,817,QC,EricaEbert,105,N/A,2019,25,37,Line,,,,,Bad,going over drop-off,BDO,BDO,1,AD,Passing,,,
SL_2019_EYKT_Dive_25_09-39-10.000.avi,59196,10:12:08,36728,,,579,839,QC,EricaEbert,105,N/A,2019,25,37,Line,,,,,Good,Good Going Forward,GGF,GGF,1,AD,Passing,,,
SL_2019_EYKT_Dive_25_09-39-10.000.avi,62710,10:14:05,36845,,,569,835,QC,EricaEbert,105,N/A,2019,25,37,Line,,,,,Bad,going over drop-off,BDO,BDO,1,AD,Passing,,,
SL_2019_EYKT_Dive_25_09-39-10.000.avi,66509,10:16:12,36972,,,565,841,QC,EricaEbert,105,N/A,2019,25,37,Line,,,,,Good,Good Going Forward,GGF,GGF,1,AD,Passing,,,
SL_2019_EYKT_Dive_25_09-39-10.000.avi,69766,10:18:00,37080,,,570,830,QC,EricaEbert,105,N/A,2019,25,37,Line,,,,,Bad,loitering in same area,BLA,BLA,1,AD,Passing,,,
SL_2019_EYKT_Dive_25_09-39-10.000.avi,71074,10:18:44,37124,,,576,841,QC,EricaEbert,105,N/A,2019,25,37,Line,,,,,Good,Good Going Forward,GGF,GGF,1,AD,Passing,,,
SL_2019_EYKT_Dive_25_09-39-10.000.avi,76179,10:21:34,37294,,,570,835,QC,EricaEbert,105,N/A,2019,25,37,Line,,,,,Bad,going over drop-off,BDO,BDO,1,AD,Passing,,,
SL_2019_EYKT_Dive_25_09-39-10.000.avi,76734,10:21:53,37313,,,578,838,QC,EricaEbert,105,N/A,2019,25,37,Line,,,,,Good,Good Going Forward,GGF,GGF,1,AD,Passing,,,
SL_2019_EYKT_Dive_25_09-39-10.000.avi,77656,10:22:23,37343,,,574,826,QC,EricaEbert,105,N/A,2019,25,37,Line,,,,,Bad,loitering in same area,BLA,BLA,1,AD,Passing,,,
SL_2019_EYKT_Dive_25_09-39-10.000.avi,78452,10:22:50,37370,,,583,842,QC,EricaEbert,105,N/A,2019,25,37,Line,,,,,Good,Good Going Forward,GGF,GGF,1,AD,Passing,,,
SL_2019_EYKT_Dive_25_09-39-10.000.avi,84806,10:26:22,37582,,,582,842,QC,EricaEbert,105,N/A,2019,25,37,Line,,,,,Good,Good Going Forward,GGF,GGF,1,AD,Passing,,END,
SL_2019_EYKT_Dive_26_11-10-15.000.avi,309,11:10:29,40229,,,612,877,QC,EricaEbert,115,N/A,2019,26,36,Line,,,,,Good,Good Going Forward,GGF,GGF,1,AD,Passing,,START,
SL_2019_EYKT_Dive_26_11-10-15.000.avi,18732,11:20:43,40843,,,578,844,QC,EricaEbert,115,N/A,2019,26,36,Line,,,,,Bad,loitering in same area,BLA,BLA,1,AD,Passing,,,
SL_2019_EYKT_Dive_26_11-10-15.000.avi,19146,11:20:57,40857,,,588,852,QC,EricaEbert,115,N/A,2019,26,36,Line,,,,,Good,Good Going Forward,GGF,GGF,1,AD,Passing,,,
SL_2019_EYKT_Dive_26_11-10-15.000.avi,46625,11:36:13,41773,,,545,820,QC,EricaEbert,115,N/A,2019,26,36,Line,,,,,Bad,going over drop-off,BDO,BDO,1,AD,Passing,,,
SL_2019_EYKT_Dive_26_11-10-15.000.avi,48029,11:37:00,41820,,,548,817,QC,EricaEbert,115,N/A,2019,26,36,Line,,,,,Good,Good Going Forward,GGF,GGF,1,AD,Passing,,,
SL_2019_EYKT_Dive_26_11-10-15.000.avi,63544,11:45:37,42337,,,554,831,QC,EricaEbert,115,N/A,2019,26,36,Line,,,,,Bad,going over drop-off,BDO,BDO,1,AD,Passing,,,
SL_2019_EYKT_Dive_26_11-10-15.000.avi,63750,11:45:44,42344,,,583,842,QC,EricaEbert,115,N/A,2019,26,36,Line,,,,,Good,Good Going Forward,GGF,GGF,1,AD,Passing,,,
SL_2019_EYKT_Dive_26_11-10-15.000.avi,64659,11:46:14,42374,,,574,847,QC,EricaEbert,115,N/A,2019,26,36,Line,,,,,Bad,going over drop-off,BDO,BDO,1,AD,Passing,,,
SL_2019_EYKT_Dive_26_11-10-15.000.avi,66974,11:47:31,42451,,,567,839,QC,EricaEbert,115,N/A,2019,26,36,Line,,,,,Good,Good Going Forward,GGF,GGF,1,AD,Passing,,,
SL_2019_EYKT_Dive_26_11-10-15.000.avi,72377,11:50:32,42632,,,580,841,QC,EricaEbert,115,N/A,2019,26,36,Line,,,,,Bad,loitering in same area,BLA,BLA,1,AD,Passing,,,
SL_2019_EYKT_Dive_26_11-10-15.000.avi,72753,11:50:44,42644,,,571,837,QC,EricaEbert,115,N/A,2019,26,36,Line,,,,,Good,Good Going Forward,GGF,GGF,1,AD,Passing,,,
SL_2019_EYKT_Dive_26_11-10-15.000.avi,76339,11:52:44,42764,,,553,826,QC,EricaEbert,115,N/A,2019,26,36,Line,,,,,Bad,going over drop-off,BDO,BDO,1,AD,Passing,,,
SL_2019_EYKT_Dive_26_11-10-15.000.avi,76594,11:52:52,42772,,,573,835,QC,EricaEbert,115,N/A,2019,26,36,Line,,,,,Good,Good Going Forward,GGF,GGF,1,AD,Passing,,,
SL_2019_EYKT_Dive_26_11-10-15.000.avi,77622,11:53:26,42806,,,571,852,QC,EricaEbert,115,N/A,2019,26,36,Line,,,,,Bad,going over drop-off,BDO,BDO,1,AD,Passing,,,
SL_2019_EYKT_Dive_26_11-10-15.000.avi,80223,11:54:53,42893,,,571,847,QC,EricaEbert,115,N/A,2019,26,36,Line,,,,,Good,Good Going Forward,GGF,GGF,1,AD,Passing,,,
SL_2019_EYKT_Dive_26_11-10-15.000.avi,87145,11:58:44,43124,,,579,851,QC,EricaEbert,115,N/A,2019,26,36,Line,,,,,Bad,going over drop-off,BDO,BDO,1,AD,Passing,,,
SL_2019_EYKT_Dive_26_11-10-15.000.avi,90088,12:00:22,43222,,,563,841,QC,EricaEbert,115,N/A,2019,26,36,Line,,,,,Good,Good Going Forward,GGF,GGF,1,AD,Passing,,,
SL_2019_EYKT_Dive_26_11-10-15.000.avi,92674,12:01:48,43308,,,588,846,QC,EricaEbert,115,N/A,2019,26,36,Line,,,,,Good,Good Going Forward,GGF,GGF,1,AD,Passing,,END,
SL_2019_EYKT_Dive_27_12-48-30.000.avi,127,48:35.2,2915,,,587,850,QC,EricaEbert,125,N/A,2019,27,35,Line,,,,,Good,Good Going Forward,GGF,GGF,1,AD,Passing,,START,
SL_2019_EYKT_Dive_27_12-48-30.000.avi,91059,39:06.3,2346,,,590,854,QC,EricaEbert,125,N/A,2019,27,35,Line,,,,,Good,Good Going Forward,GGF,GGF,1,AD,Passing,,END,
SL_2019_EYKT_Dive_28_14-14-55.000.avi,265,14:15:06,51306,,,593,864,QC,EricaEbert,80,N/A,2019,28,34,Line,,,,,Good,Good Going Forward,GGF,GGF,1,AD,Passing,,START,
SL_2019_EYKT_Dive_28_14-14-55.000.avi,1285,14:15:40,51340,,,582,843,QC,EricaEbert,80,N/A,2019,28,34,Line,,,,,Bad,going over drop-off,BDO,BDO,1,AD,Passing,,,
SL_2019_EYKT_Dive_28_14-14-55.000.avi,1477,14:15:46,51346,,,579,851,QC,EricaEbert,80,N/A,2019,28,34,Line,,,,,Good,Good Going Forward,GGF,GGF,1,AD,Passing,,,
SL_2019_EYKT_Dive_28_14-14-55.000.avi,4203,14:17:17,51437,,,580,842,QC,EricaEbert,80,N/A,2019,28,34,Line,,,,,Bad,going over drop-off,BDO,BDO,1,AD,Passing,,,
SL_2019_EYKT_Dive_28_14-14-55.000.avi,4392,14:17:23,51443,,,584,851,QC,EricaEbert,80,N/A,2019,28,34,Line,,,,,Good,Good Going Forward,GGF,GGF,1,AD,Passing,,,
SL_2019_EYKT_Dive_28_14-14-55.000.avi,9470,14:20:13,51613,,,576,841,QC,EricaEbert,80,N/A,2019,28,34,Line,,,,,Bad,poor visibility,BPV,BPV,1,AD,Passing,,,
SL_2019_EYKT_Dive_28_14-14-55.000.avi,9714,14:20:21,51621,,,578,854,QC,EricaEbert,80,N/A,2019,28,34,Line,,,,,Good,Good Going Forward,GGF,GGF,1,AD,Passing,,,
SL_2019_EYKT_Dive_28_14-14-55.000.avi,12176,14:21:43,51703,,,576,829,QC,EricaEbert,80,N/A,2019,28,34,Line,,,,,Bad,poor visibility,BPV,BPV,1,AD,Passing,,,
SL_2019_EYKT_Dive_28_14-14-55.000.avi,14016,14:22:44,51764,,,591,846,QC,EricaEbert,80,N/A,2019,28,34,Line,,,,,Good,Good Going Forward,GGF,GGF,1,AD,Passing,,,
SL_2019_EYKT_Dive_28_14-14-55.000.avi,17134,14:24:28,51868,,,558,837,QC,EricaEbert,80,N/A,2019,28,34,Line,,,,,Bad,poor visibility,BPV,BPV,1,AD,Passing,,,
SL_2019_EYKT_Dive_28_14-14-55.000.avi,17806,14:24:51,51891,,,559,831,QC,EricaEbert,80,N/A,2019,28,34,Line,,,,,Good,Good Going Forward,GGF,GGF,1,AD,Passing,,,
SL_2019_EYKT_Dive_28_14-14-55.000.avi,19406,14:25:44,51944,,,574,842,QC,EricaEbert,80,N/A,2019,28,34,Line,,,,,Bad,poor visibility,BPV,BPV,1,AD,Passing,,,
SL_2019_EYKT_Dive_28_14-14-55.000.avi,19570,14:25:49,51949,,,580,841,QC,EricaEbert,80,N/A,2019,28,34,Line,,,,,Good,Good Going Forward,GGF,GGF,1,AD,Passing,,,
SL_2019_EYKT_Dive_28_14-14-55.000.avi,19814,14:25:57,51957,,,565,842,QC,EricaEbert,80,N/A,2019,28,34,Line,,,,,Bad,poor visibility,BPV,BPV,1,AD,Passing,,,
SL_2019_EYKT_Dive_28_14-14-55.000.avi,21454,14:26:52,52012,,,580,846,QC,EricaEbert,80,N/A,2019,28,34,Line,,,,,Good,Good Going Forward,GGF,GGF,1,AD,Passing,,,
SL_2019_EYKT_Dive_28_14-14-55.000.avi,26014,14:29:24,52164,,,565,844,QC,EricaEbert,80,N/A,2019,28,34,Line,,,,,Bad,loitering in same area,BLA,BLA,1,AD,Passing,,,
SL_2019_EYKT_Dive_28_14-14-55.000.avi,26279,14:29:33,52173,,,608,871,QC,EricaEbert,80,N/A,2019,28,34,Line,,,,,Good,Good Going Forward,GGF,GGF,1,AD,Passing,,,
SL_2019_EYKT_Dive_28_14-14-55.000.avi,34811,14:34:17,52457,,,587,848,QC,EricaEbert,80,N/A,2019,28,34,Line,,,,,Bad,loitering in same area,BLA,BLA,1,AD,Passing,,,
SL_2019_EYKT_Dive_28_14-14-55.000.avi,35127,14:34:28,52468,,,593,852,QC,EricaEbert,80,N/A,2019,28,34,Line,,,,,Good,Good Going Forward,GGF,GGF,1,AD,Passing,,,
SL_2019_EYKT_Dive_28_14-14-55.000.avi,58059,14:47:12,53232,,,587,855,QC,EricaEbert,80,N/A,2019,28,34,Line,,,,,Bad,poor visibility,BPV,BPV,1,AD,Passing,,,
SL_2019_EYKT_Dive_28_14-14-55.000.avi,58621,14:47:31,53251,,,592,865,QC,EricaEbert,80,N/A,2019,28,34,Line,,,,,Good,Good Going Forward,GGF,GGF,1,AD,Passing,,,
SL_2019_EYKT_Dive_28_14-14-55.000.avi,59117,14:47:48,53268,,,587,859,QC,EricaEbert,80,N/A,2019,28,34,Line,,,,,Bad,poor visibility,BPV,BPV,1,AD,Passing,,,
SL_2019_EYKT_Dive_28_14-14-55.000.avi,59602,14:48:04,53284,,,576,844,QC,EricaEbert,80,N/A,2019,28,34,Line,,,,,Good,Good Going Forward,GGF,GGF,1,AD,Passing,,,
SL_2019_EYKT_Dive_28_14-14-55.000.avi,60272,14:48:26,53306,,,596,856,QC,EricaEbert,80,N/A,2019,28,34,Line,,,,,Bad,poor visibility,BPV,BPV,1,AD,Passing,,,
SL_2019_EYKT_Dive_28_14-14-55.000.avi,60446,14:48:32,53312,,,582,848,QC,EricaEbert,80,N/A,2019,28,34,Line,,,,,Good,Good Going Forward,GGF,GGF,1,AD,Passing,,,
SL_2019_EYKT_Dive_28_14-14-55.000.avi,62200,14:49:30,53370,,,566,839,QC,EricaEbert,80,N/A,2019,28,34,Line,,,,,Bad,poor visibility,BPV,BPV,1,AD,Passing,,,
SL_2019_EYKT_Dive_28_14-14-55.000.avi,62422,14:49:38,53378,,,580,842,QC,EricaEbert,80,N/A,2019,28,34,Line,,,,,Good,Good Going Forward,GGF,GGF,1,AD,Passing,,,
SL_2019_EYKT_Dive_28_14-14-55.000.avi,73123,14:55:34,53734,,,597,863,QC,EricaEbert,80,N/A,2019,28,34,Line,,,,,Bad,poor visibility,BPV,BPV,1,AD,Passing,,,
SL_2019_EYKT_Dive_28_14-14-55.000.avi,73575,14:55:49,53749,,,569,835,QC,EricaEbert,80,N/A,2019,28,34,Line,,,,,Good,Good Going Forward,GGF,GGF,1,AD,Passing,,,
SL_2019_EYKT_Dive_28_14-14-55.000.avi,78763,14:58:42,53922,,,574,852,QC,EricaEbert,80,N/A,2019,28,34,Line,,,,,Bad,poor visibility,BPV,BPV,1,AD,Passing,,,
SL_2019_EYKT_Dive_28_14-14-55.000.avi,79964,14:59:22,53962,,,576,837,QC,EricaEbert,80,N/A,2019,28,34,Line,,,,,Good,Good Going Forward,GGF,GGF,1,AD,Passing,,,
SL_2019_EYKT_Dive_28_14-14-55.000.avi,82507,15:00:47,54047,,,584,850,QC,EricaEbert,80,N/A,2019,28,34,Line,,,,,Bad,going over drop-off,BDO,BDO,1,AD,Passing,,,
SL_2019_EYKT_Dive_28_14-14-55.000.avi,82641,15:00:52,54052,,,579,842,QC,EricaEbert,80,N/A,2019,28,34,Line,,,,,Good,Good Going Forward,GGF,GGF,1,AD,Passing,,,
SL_2019_EYKT_Dive_28_14-14-55.000.avi,84332,15:01:48,54108,,,587,841,QC,EricaEbert,80,N/A,2019,28,34,Line,,,,,Bad,poor visibility,BPV,BPV,1,AD,Passing,,,
SL_2019_EYKT_Dive_28_14-14-55.000.avi,84877,15:02:06,54126,,,588,851,QC,EricaEbert,80,N/A,2019,28,34,Line,,,,,Good,Good Going Forward,GGF,GGF,1,AD,Passing,,END,
SL_2019_EYKT_Dive_29_15-55-14.000.avi,403,15:55:36,57336,,,588,846,QC,EricaEbert,55,N/A,2019,29,33,Line,,,,,Good,Good Going Forward,GGF,GGF,1,AD,Passing,,START,
SL_2019_EYKT_Dive_29_15-55-14.000.avi,63672,16:30:45,59445,,,576,834,QC,EricaEbert,55,N/A,2019,29,33,Line,,,,,Good,Good Going Forward,GGF,GGF,1,AD,Passing,,END,
SL_2019_EYKT_Dive_30_16-58-16.000.avi,138,16:58:24,61104,,,590,860,QC,EricaEbert,60,N/A,2019,30,32,Line,,,,,Good,Good Going Forward,GGF,GGF,1,AD,Passing,,START,
SL_2019_EYKT_Dive_30_16-58-16.000.avi,69386,17:36:52,63412,,,588,851,QC,EricaEbert,60,N/A,2019,30,32,Line,,,,,Good,Good Going Forward,GGF,GGF,1,AD,Passing,,END,
SL_2019_EYKT_Dive_31_18-11-09.000.avi,270,18:11:22,65482,,,592,852,QC,EricaEbert,50,N/A,2019,31,31,Line,,,,,Good,Good Going Forward,GGF,GGF,1,AD,Passing,,START,
SL_2019_EYKT_Dive_31_18-11-09.000.avi,19191,18:21:53,66113,,,586,846,QC,EricaEbert,50,N/A,2019,31,31,Line,,,,,Good,resting on bottom with close-up image,GRBC,GRBC,1,AD,Passing,,,
SL_2019_EYKT_Dive_31_18-11-09.000.avi,19589,18:22:06,66126,,,597,864,QC,EricaEbert,50,N/A,2019,31,31,Line,,,,,Good,Good Going Forward,GGF,GGF,1,AD,Passing,,,
SL_2019_EYKT_Dive_31_18-11-09.000.avi,73580,18:52:06,67926,,,587,854,QC,EricaEbert,50,N/A,2019,31,31,Line,,,,,Good,Good Going Forward,GGF,GGF,1,AD,Passing,,END,
SL_2019_EYKT_Dive_32_19-17-57.000.avi,120,19:18:02,69482,,,557,858,QC,EricaEbert,50,N/A,2019,32,30,Line,,,,,Good,Good Going Forward,GGF,GGF,1,AD,Passing,,START,
SL_2019_EYKT_Dive_32_19-17-57.000.avi,50613,19:46:05,71165,,,574,824,QC,EricaEbert,50,N/A,2019,32,30,Line,,,,,Bad,loitering in same area,BLA,BLA,1,AD,Passing,,,
SL_2019_EYKT_Dive_32_19-17-57.000.avi,50788,19:46:11,71171,,,576,841,QC,EricaEbert,50,N/A,2019,32,30,Line,,,,,Good,Good Going Forward,GGF,GGF,1,AD,Passing,,,
SL_2019_EYKT_Dive_32_19-17-57.000.avi,61235,19:51:59,71519,,,591,850,QC,EricaEbert,50,N/A,2019,32,30,Line,,,,,Good,Good Going Forward,GGF,GGF,1,AD,Passing,,END,
SL_2019_EYKT_Dive_33_20-22-48.000.avi,237,20:23:01,73381,,,588,847,QC,EricaEbert,45,N/A,2018,33,29,Line,,,,,Good,Good Going Forward,GGF,GGF,1,AD,Passing,,START,
SL_2019_EYKT_Dive_33_20-22-48.000.avi,66254,20:59:41,75581,,,584,842,QC,EricaEbert,45,N/A,2018,33,29,Line,,,,,Good,Good Going Forward,GGF,GGF,1,AD,Passing,,END,
